id,url,title,created_at,scraped_at,source_url
33c85704-5e43-58be-a844-1ce4ef733365,https://developer.weweb.io,Introduction | WeWeb Developer Docs,2025-04-02T09:03:19.454337,2025-04-02T09:03:19.553640,https://developer.weweb.io
17f54beb-9627-5401-9115-5ece971ae78f,https://developer.weweb.io/add-bindable-property.html,Add a bindable content property | WeWeb Developer Docs,2025-04-02T09:03:19.454337,2025-04-02T09:03:20.649911,https://developer.weweb.io/add-bindable-property.html
ca7a3979-5c69-500e-9ebd-947f5619ac39,https://developer.weweb.io/add-dropzone.html,Add a dropzone | WeWeb Developer Docs,2025-04-02T09:03:19.454337,2025-04-02T09:03:21.757581,https://developer.weweb.io/add-dropzone.html
bee18571-2df9-5961-a03c-e7655ea9d86b,https://developer.weweb.io/add-element-property.html,Add another element as property | WeWeb Developer Docs,2025-04-02T09:03:19.454337,2025-04-02T09:03:22.860701,https://developer.weweb.io/add-element-property.html
304b1a82-a602-5d92-b454-352fe9723618,https://developer.weweb.io/add-property.html,Add content property | WeWeb Developer Docs,2025-04-02T09:03:19.454337,2025-04-02T09:03:23.938821,https://developer.weweb.io/add-property.html
bba9eacd-0459-5eb4-acbd-4d2a3975160c,https://developer.weweb.io/add-responsive-property.html,Add a responsive content property | WeWeb Developer Docs,2025-04-02T09:03:19.454337,2025-04-02T09:03:25.032882,https://developer.weweb.io/add-responsive-property.html
f8e8b46b-ba6c-5f2c-9bae-aecc727587f7,https://developer.weweb.io/add-translated-property.html,Add translated content property | WeWeb Developer Docs,2025-04-02T09:03:19.454337,2025-04-02T09:03:26.120945,https://developer.weweb.io/add-translated-property.html
1f8a1b2f-c118-5859-9444-054573998852,https://developer.weweb.io/api,ww-config_js | WeWeb Developer Docs,2025-04-02T09:03:19.454337,2025-04-02T09:03:27.202248,https://developer.weweb.io/api
5931aa64-66a0-5b0a-adfc-0814ca2da76f,https://developer.weweb.io/api/component-interface.html,Component interface | WeWeb Developer Docs,2025-04-02T09:03:19.454337,2025-04-02T09:03:28.303965,https://developer.weweb.io/api/component-interface.html
7104af7a-ad68-57aa-aa6d-34b4e382ddd9,https://developer.weweb.io/api/content-property.html,Content property | WeWeb Developer Docs,2025-04-02T09:03:19.454337,2025-04-02T09:03:29.452960,https://developer.weweb.io/api/content-property.html
ef631ff6-ef14-5c28-9e66-ad9ff30685cf,https://developer.weweb.io/api/weweb-io-objects.html,weweb_io objects | WeWeb Developer Docs,2025-04-02T09:03:19.454337,2025-04-02T09:03:30.550205,https://developer.weweb.io/api/weweb-io-objects.html
c203448b-9ba8-5284-865d-20e551185189,https://developer.weweb.io/api/ww-config-js.html,ww-config_js | WeWeb Developer Docs,2025-04-02T09:03:19.454337,2025-04-02T09:03:31.635847,https://developer.weweb.io/api/ww-config-js.html
42f955bf-074d-51bc-bfb5-38791a37102c,https://developer.weweb.io/component-anatomy.html,Anatomy of a component | WeWeb Developer Docs,2025-04-02T09:03:19.454337,2025-04-02T09:03:32.720105,https://developer.weweb.io/component-anatomy.html
3ca53ead-c7ed-5e7e-955f-c8d4c5eb7e28,https://developer.weweb.io/custom-editor-interface.html,Custom editor interface | WeWeb Developer Docs,2025-04-02T09:03:19.454337,2025-04-02T09:03:33.803821,https://developer.weweb.io/custom-editor-interface.html
37dc0063-d09c-57d5-9722-70a72b550d51,https://developer.weweb.io/development-process.html,Development process | WeWeb Developer Docs,2025-04-02T09:03:19.454337,2025-04-02T09:03:34.895185,https://developer.weweb.io/development-process.html
e46a7c00-5e5f-5235-9d14-b8eb98dbda71,https://developer.weweb.io/stripping.html,Stripping editor code | WeWeb Developer Docs,2025-04-02T09:03:19.454337,2025-04-02T09:03:35.969397,https://developer.weweb.io/stripping.html
0f776ae8-77f0-51ad-84da-b6badf4d1362,https://developer.weweb.io/update-content.html,Update yourself the content | WeWeb Developer Docs,2025-04-02T09:03:19.454337,2025-04-02T09:03:37.053147,https://developer.weweb.io/update-content.html
0374b473-195f-5d0c-a319-418519851e74,https://developer.weweb.io/use-element-state.html,Use element state | WeWeb Developer Docs,2025-04-02T09:03:19.454337,2025-04-02T09:03:38.131386,https://developer.weweb.io/use-element-state.html
0e497ffe-3b85-52ca-8d04-cb28ea45acce,https://docs.weweb.io,Welcome | WeWeb Documentation,2025-04-02T09:03:19.454337,2025-04-02T09:03:39.271758,https://docs.weweb.io
bad83679-53d4-513b-a3ae-abc26734bac2,https://docs.weweb.io/add-elements/elements/data-grid.html,Data grid element | WeWeb Documentation,2025-04-02T09:03:19.454337,2025-04-02T09:03:40.400511,https://docs.weweb.io/add-elements/elements/data-grid.html
36c872ef-2af1-5cfc-98f2-5adb86cf8132,https://docs.weweb.io/add-elements/elements/language.html,Language Input | WeWeb Documentation,2025-04-02T09:03:19.454337,2025-04-02T09:03:41.527229,https://docs.weweb.io/add-elements/elements/language.html
568a9b92-64ce-5ca9-a73e-f1c604b4eead,https://docs.weweb.io/add-elements/elements/paginator.html,Paginator | WeWeb Documentation,2025-04-02T09:03:19.454337,2025-04-02T09:03:42.676197,https://docs.weweb.io/add-elements/elements/paginator.html
62c523ae-ba43-54cf-a5ec-2da561b535bf,https://docs.weweb.io/binding-filtering/binding-concept.html,Binding data | WeWeb Documentation,2025-04-02T09:03:19.454337,2025-04-02T09:03:43.807956,https://docs.weweb.io/binding-filtering/binding-concept.html
7de0c52e-ad05-5e99-bcd9-8050700b2cb7,https://docs.weweb.io/binding-filtering/display-data.html,Display collection data | WeWeb Documentation,2025-04-02T09:03:19.454337,2025-04-02T09:03:44.998718,https://docs.weweb.io/binding-filtering/display-data.html
ab7ef12e-119a-5fff-8f3b-7f643cc99794,https://docs.weweb.io/binding-filtering/load-more-button.html,Load more button | WeWeb Documentation,2025-04-02T09:03:19.454337,2025-04-02T09:03:46.132304,https://docs.weweb.io/binding-filtering/load-more-button.html
cbd1dc1a-e467-56b4-a40f-ab9acd55bd8a,https://docs.weweb.io/build-guides/job-board-with-xano.html,Build a Job Board with WeWeb and Xano | WeWeb Documentation,2025-04-02T09:03:19.454337,2025-04-02T09:03:47.274502,https://docs.weweb.io/build-guides/job-board-with-xano.html
2bfff142-a5d5-5381-85ab-a3c865741a34,https://docs.weweb.io/build-guides/using-the-crm-template.html,Learn how to build you own CRM application | WeWeb Documentation,2025-04-02T09:03:19.454337,2025-04-02T09:03:48.422170,https://docs.weweb.io/build-guides/using-the-crm-template.html
4a4df19f-c72b-5085-bd15-94b899a8eaa8,https://docs.weweb.io/components/advanced-properties.html,Advanced properties | WeWeb Documentation,2025-04-02T09:03:19.454337,2025-04-02T09:03:49.563796,https://docs.weweb.io/components/advanced-properties.html
a7d57078-7dae-54ae-a8bc-7df6b9214ab2,https://docs.weweb.io/components/component-dropzones.html,Component dropzones | WeWeb Documentation,2025-04-02T09:03:19.454337,2025-04-02T09:03:50.696277,https://docs.weweb.io/components/component-dropzones.html
19f1265f-d469-5b40-a990-1f1d260f700c,https://docs.weweb.io/components/component-events.html,Component events | WeWeb Documentation,2025-04-02T09:03:19.454337,2025-04-02T09:03:51.872684,https://docs.weweb.io/components/component-events.html
126afceb-a402-5ac9-945e-d9f0c36ffe90,https://docs.weweb.io/components/component-instance.html,Component instance | WeWeb Documentation,2025-04-02T09:03:19.454337,2025-04-02T09:03:53.010872,https://docs.weweb.io/components/component-instance.html
c7cec047-3b19-5d1f-aec9-fac7443aed48,https://docs.weweb.io/components/intro-to-components.html,Intro to components | WeWeb Documentation,2025-04-02T09:03:19.454337,2025-04-02T09:03:54.141062,https://docs.weweb.io/components/intro-to-components.html
4cc907fc-d316-5030-a8df-e4f7d6cd7874,https://docs.weweb.io/css-and-styling/classes.html,CSS Classes | WeWeb Documentation,2025-04-02T09:03:19.454337,2025-04-02T09:03:55.281744,https://docs.weweb.io/css-and-styling/classes.html
c3ffb349-a912-5d1a-a46f-141b4a8e234e,https://docs.weweb.io/css-and-styling/conditional-rendering.html,Conditional rendering | WeWeb Documentation,2025-04-02T09:03:19.454337,2025-04-02T09:03:56.427257,https://docs.weweb.io/css-and-styling/conditional-rendering.html
2f867ca3-5ad5-5e81-ae3f-7dd480ccc067,https://docs.weweb.io/css-and-styling/css-animations.html,CSS Animations | WeWeb Documentation,2025-04-02T09:03:19.454337,2025-04-02T09:03:57.563794,https://docs.weweb.io/css-and-styling/css-animations.html
a5916c48-d0a4-5705-b823-8bde0e11871b,https://docs.weweb.io/css-and-styling/css-grid.html,CSS grid | WeWeb Documentation,2025-04-02T09:03:19.454337,2025-04-02T09:03:58.714476,https://docs.weweb.io/css-and-styling/css-grid.html
763573d7-c39e-5692-8e9d-d3d88b5ee59c,https://docs.weweb.io/css-and-styling/css-properties.html,CSS Properties | WeWeb Documentation,2025-04-02T09:03:19.454337,2025-04-02T09:03:59.869875,https://docs.weweb.io/css-and-styling/css-properties.html
2eef990c-038f-54f8-9ca5-3a4b103e23ad,https://docs.weweb.io/css-and-styling/responsive-design.html,Responsive Design | WeWeb Documentation,2025-04-02T09:03:19.454337,2025-04-02T09:04:01.020630,https://docs.weweb.io/css-and-styling/responsive-design.html
859f7370-11b2-513e-856d-e410ccaedca1,https://docs.weweb.io/css-and-styling/states.html,States | WeWeb Documentation,2025-04-02T09:03:19.454337,2025-04-02T09:04:02.153944,https://docs.weweb.io/css-and-styling/states.html
d929673e-a704-5ed2-9fdd-91669c302cd9,https://docs.weweb.io/data/intro-to-collections.html,Intro to collections | WeWeb Documentation,2025-04-02T09:03:19.454337,2025-04-02T09:04:03.297251,https://docs.weweb.io/data/intro-to-collections.html
cc824846-203f-57a5-945d-5915102d34f5,https://docs.weweb.io/data/intro-to-variables.html,Intro to variables | WeWeb Documentation,2025-04-02T09:03:19.454337,2025-04-02T09:04:04.431309,https://docs.weweb.io/data/intro-to-variables.html
427732fc-b7e1-512a-874a-3eb6a4854751,https://docs.weweb.io/editor/app-settings/app-settings.html,App settings | WeWeb Documentation,2025-04-02T09:03:19.454337,2025-04-02T09:04:05.570574,https://docs.weweb.io/editor/app-settings/app-settings.html
165b0254-2b70-522c-ac24-296b3f8919be,https://docs.weweb.io/editor/app-settings/pwa.html,Mobile apps (PWA) | WeWeb Documentation,2025-04-02T09:03:19.454337,2025-04-02T09:04:06.709829,https://docs.weweb.io/editor/app-settings/pwa.html
b5c48cfe-7ced-53ab-9882-00dec49e3952,https://docs.weweb.io/editor/figma/import-figma-designs.html,Import Figma designs | WeWeb Documentation,2025-04-02T09:03:19.454337,2025-04-02T09:04:07.899524,https://docs.weweb.io/editor/figma/import-figma-designs.html
c9b73324-6e3a-504d-8c4e-4bcf897bc486,https://docs.weweb.io/editor/how-to-use-the-add-panel.html,Using the Add Panel | WeWeb Documentation,2025-04-02T09:03:19.454337,2025-04-02T09:04:09.036198,https://docs.weweb.io/editor/how-to-use-the-add-panel.html
40b84d9d-b6fc-5ec6-b6df-73e84fa49858,https://docs.weweb.io/editor/intro-to-html-css.html,ðŸ•¸ Intro to HTML & CSS | WeWeb Documentation,2025-04-02T09:03:19.454337,2025-04-02T09:04:10.176410,https://docs.weweb.io/editor/intro-to-html-css.html
c3bc4111-c9bd-59a8-90d3-168a45c1d181,https://docs.weweb.io/editor/intro-to-the-editor.html,Intro to the Editor | WeWeb Documentation,2025-04-02T09:03:19.454337,2025-04-02T09:04:11.450625,https://docs.weweb.io/editor/intro-to-the-editor.html
d3fb036f-5bae-585d-bc51-b31b7bd0ecbf,https://docs.weweb.io/editor/logs.html,Logs | WeWeb Documentation,2025-04-02T09:03:19.454337,2025-04-02T09:04:12.591032,https://docs.weweb.io/editor/logs.html
0a6b4b75-ccb1-51e5-bfd2-01c9a414d892,https://docs.weweb.io/elements/accordion.html,Accordion | WeWeb Documentation,2025-04-02T09:03:19.454337,2025-04-02T09:04:13.698284,https://docs.weweb.io/elements/accordion.html
0de50da5-876d-5223-a1f0-c4175b6428a1,https://docs.weweb.io/elements/advanced_datagrid.html,Datagrid (Advanced) | WeWeb Documentation,2025-04-02T09:03:19.454337,2025-04-02T09:04:14.836516,https://docs.weweb.io/elements/advanced_datagrid.html
db6a72a4-7e43-5664-9581-5d490f035daf,https://docs.weweb.io/elements/alerts.html,Alerts system | WeWeb Documentation,2025-04-02T09:03:19.454337,2025-04-02T09:04:15.936527,https://docs.weweb.io/elements/alerts.html
a856c735-9fe5-5081-a538-28cd8271889f,https://docs.weweb.io/elements/autocomplete.html,Autocomplete | WeWeb Documentation,2025-04-02T09:03:19.454337,2025-04-02T09:04:17.039695,https://docs.weweb.io/elements/autocomplete.html
387b1f8d-ed4f-5eea-aff6-b5695802d2a5,https://docs.weweb.io/elements/bottom-nav.html,Bottom Nav Bar | WeWeb Documentation,2025-04-02T09:03:19.454337,2025-04-02T09:04:18.133778,https://docs.weweb.io/elements/bottom-nav.html
c93128c5-549c-5aed-a09b-59ae84cb586b,https://docs.weweb.io/elements/button.html,Button | WeWeb Documentation,2025-04-02T09:03:19.454337,2025-04-02T09:04:19.227489,https://docs.weweb.io/elements/button.html
2a1e477d-3d65-5d28-82ac-f29473337221,https://docs.weweb.io/elements/calendar.html,The Calendar element | WeWeb Documentation,2025-04-02T09:03:19.454337,2025-04-02T09:04:20.329912,https://docs.weweb.io/elements/calendar.html
e80d56dc-711a-5cce-aa4f-925dd3317ff4,https://docs.weweb.io/elements/checkbox.html,Checkboxes | WeWeb Documentation,2025-04-02T09:03:19.454337,2025-04-02T09:04:22.202240,https://docs.weweb.io/elements/checkbox.html
50e5c767-d6e4-536b-a3ab-224aa82ef863,https://docs.weweb.io/elements/code.html,Code | WeWeb Documentation,2025-04-02T09:03:19.454337,2025-04-02T09:04:23.296077,https://docs.weweb.io/elements/code.html
28156b19-eb08-5f36-944b-0e7bd8cdfb3b,https://docs.weweb.io/elements/color-picker.html,Color Picker | WeWeb Documentation,2025-04-02T09:03:19.454337,2025-04-02T09:04:24.393163,https://docs.weweb.io/elements/color-picker.html
6d62b7ce-2291-52e7-8d5e-e2a549826876,https://docs.weweb.io/elements/columns.html,Columns | WeWeb Documentation,2025-04-02T09:03:19.454337,2025-04-02T09:04:25.488318,https://docs.weweb.io/elements/columns.html
8a943b20-23a9-5aea-8cdd-cb70f41e83b2,https://docs.weweb.io/elements/container.html,Container | WeWeb Documentation,2025-04-02T09:03:19.454337,2025-04-02T09:04:26.588228,https://docs.weweb.io/elements/container.html
223cd020-eafb-5ad8-9760-6f03324d434e,https://docs.weweb.io/elements/content-slider.html,Content Slider | WeWeb Documentation,2025-04-02T09:03:19.454337,2025-04-02T09:04:27.685692,https://docs.weweb.io/elements/content-slider.html
66e58ba5-3765-5ac2-8c62-97e7c1ec895d,https://docs.weweb.io/elements/data-grid.html,Data grid element | WeWeb Documentation,2025-04-02T09:03:19.454337,2025-04-02T09:04:28.782226,https://docs.weweb.io/elements/data-grid.html
c9078295-2d9f-5db6-82c0-417d138a34a9,https://docs.weweb.io/elements/date-pickers.html,Date pickers | WeWeb Documentation,2025-04-02T09:03:19.454337,2025-04-02T09:04:29.885990,https://docs.weweb.io/elements/date-pickers.html
d3906d7e-68d1-591e-b20c-fa940922f5d1,https://docs.weweb.io/elements/dialog.html,"Dialog (Modal, Alert, Sheet) | WeWeb Documentation",2025-04-02T09:03:19.454337,2025-04-02T09:04:30.983871,https://docs.weweb.io/elements/dialog.html
bdf10f19-9919-551e-9554-ca3a588d83f2,https://docs.weweb.io/elements/div.html,Div | WeWeb Documentation,2025-04-02T09:03:19.454337,2025-04-02T09:04:32.071964,https://docs.weweb.io/elements/div.html
ad49ff5e-def7-54ef-a71e-74a10bb4936f,https://docs.weweb.io/elements/donut-progress-bar.html,Progress Bar | WeWeb Documentation,2025-04-02T09:03:19.454337,2025-04-02T09:04:33.163938,https://docs.weweb.io/elements/donut-progress-bar.html
4aba6d92-9733-50c0-bce6-2e40b505221c,https://docs.weweb.io/elements/drag-and-drop-files.html,Multiple file upload | WeWeb Documentation,2025-04-02T09:03:19.454337,2025-04-02T09:04:34.262303,https://docs.weweb.io/elements/drag-and-drop-files.html
5e66ebc5-2b7b-57ba-896d-d408650027d0,https://docs.weweb.io/elements/dropdown.html,Dropdown | WeWeb Documentation,2025-04-02T09:03:19.454337,2025-04-02T09:04:35.359198,https://docs.weweb.io/elements/dropdown.html
1c23f762-fa4a-5843-adec-deaf60c41ca8,https://docs.weweb.io/elements/flexbox-container.html,ðŸ§˜ Flexbox Container | WeWeb Documentation,2025-04-02T09:03:19.454337,2025-04-02T09:04:36.453199,https://docs.weweb.io/elements/flexbox-container.html
2ce62a01-d6c0-5b30-9a6e-327264d272d2,https://docs.weweb.io/elements/form-container.html,Form container | WeWeb Documentation,2025-04-02T09:03:19.454337,2025-04-02T09:04:37.568487,https://docs.weweb.io/elements/form-container.html
1b5bfdba-61af-5bf9-8379-7436010e1911,https://docs.weweb.io/elements/heading.html,Heading | WeWeb Documentation,2025-04-02T09:03:19.454337,2025-04-02T09:04:38.695299,https://docs.weweb.io/elements/heading.html
eda98d32-666f-5a1a-a181-59dce1546f8f,https://docs.weweb.io/elements/icon.html,Icon | WeWeb Documentation,2025-04-02T09:03:19.454337,2025-04-02T09:04:39.795211,https://docs.weweb.io/elements/icon.html
c4bc1010-5b17-5209-9ea1-79ed38789465,https://docs.weweb.io/elements/iframe.html,iFrame | WeWeb Documentation,2025-04-02T09:03:19.454337,2025-04-02T09:04:40.894164,https://docs.weweb.io/elements/iframe.html
b3346101-2249-5d74-8279-0d470e9acacf,https://docs.weweb.io/elements/image-slider.html,Image Slider | WeWeb Documentation,2025-04-02T09:03:19.454337,2025-04-02T09:04:42.035887,https://docs.weweb.io/elements/image-slider.html
59a23e75-b42e-522a-b3ad-917bebb2d90d,https://docs.weweb.io/elements/image.html,Image | WeWeb Documentation,2025-04-02T09:03:19.454337,2025-04-02T09:04:43.138211,https://docs.weweb.io/elements/image.html
7583353c-ec50-534f-8eb2-14e4093761d1,https://docs.weweb.io/elements/infinite-slider.html,Infinite Slider | WeWeb Documentation,2025-04-02T09:03:19.454337,2025-04-02T09:04:44.228775,https://docs.weweb.io/elements/infinite-slider.html
d97e29de-590e-57dd-9f92-16d6a75df405,https://docs.weweb.io/elements/input.html,Input | WeWeb Documentation,2025-04-02T09:03:19.454337,2025-04-02T09:04:45.320596,https://docs.weweb.io/elements/input.html
2821ff1f-0199-54bd-8336-5c44c513f52f,https://docs.weweb.io/elements/kanban.html,Kanban | WeWeb Documentation,2025-04-02T09:03:19.454337,2025-04-02T09:04:46.415878,https://docs.weweb.io/elements/kanban.html
e8c8ba30-1936-50b8-ae97-ef0c0a83ee55,https://docs.weweb.io/elements/language.html,Language Input | WeWeb Documentation,2025-04-02T09:03:19.454337,2025-04-02T09:04:47.513522,https://docs.weweb.io/elements/language.html
b189cb04-4f21-5466-8218-78ead4095ae5,https://docs.weweb.io/elements/list.html,List | WeWeb Documentation,2025-04-02T09:03:19.454337,2025-04-02T09:04:48.605851,https://docs.weweb.io/elements/list.html
3d5e6e16-1ee7-573d-a8cb-1c54b30f1240,https://docs.weweb.io/elements/loader.html,Loader | WeWeb Documentation,2025-04-02T09:03:19.454337,2025-04-02T09:04:49.704787,https://docs.weweb.io/elements/loader.html
10a3f807-6825-5c55-973c-e742da392ffb,https://docs.weweb.io/elements/masked.html,Masked Input | WeWeb Documentation,2025-04-02T09:03:19.454337,2025-04-02T09:04:50.811525,https://docs.weweb.io/elements/masked.html
c5fbb11c-15cc-549e-9cce-a0dceac2d664,https://docs.weweb.io/elements/modal.html,Modal | WeWeb Documentation,2025-04-02T09:03:19.454337,2025-04-02T09:04:51.918309,https://docs.weweb.io/elements/modal.html
91f94bf5-15b7-5915-894e-e2f4d1749aa4,https://docs.weweb.io/elements/paginator.html,Paginator | WeWeb Documentation,2025-04-02T09:03:19.454337,2025-04-02T09:04:53.022007,https://docs.weweb.io/elements/paginator.html
df398314-10b5-5e6a-8e0d-bca7acdeb104,https://docs.weweb.io/elements/progress-bar.html,Progress Bar | WeWeb Documentation,2025-04-02T09:03:19.454337,2025-04-02T09:04:54.121803,https://docs.weweb.io/elements/progress-bar.html
1ed798d5-ba05-5487-a585-7cf88fdcffe8,https://docs.weweb.io/elements/qr-code-reader.html,QR code reader | WeWeb Documentation,2025-04-02T09:03:19.454337,2025-04-02T09:04:55.222190,https://docs.weweb.io/elements/qr-code-reader.html
d2629a2b-e5b7-5910-abfe-6be3be286124,https://docs.weweb.io/elements/radio-group.html,Radio Group | WeWeb Documentation,2025-04-02T09:03:19.454337,2025-04-02T09:04:56.321954,https://docs.weweb.io/elements/radio-group.html
0b38e8f6-0f63-52f7-b031-9e3f191fa9cb,https://docs.weweb.io/elements/range-input.html,Range Input | WeWeb Documentation,2025-04-02T09:03:19.454337,2025-04-02T09:04:57.419623,https://docs.weweb.io/elements/range-input.html
ca9a0722-11d3-5cc6-b233-e67a44e57238,https://docs.weweb.io/elements/recaptcha.html,Recaptcha | WeWeb Documentation,2025-04-02T09:03:19.454337,2025-04-02T09:04:58.523578,https://docs.weweb.io/elements/recaptcha.html
460a820c-d5b9-5c89-83a3-2066da148b68,https://docs.weweb.io/elements/reorder-list.html,Reorder List | WeWeb Documentation,2025-04-02T09:03:19.454337,2025-04-02T09:04:59.610787,https://docs.weweb.io/elements/reorder-list.html
969846a8-00a7-5cfc-b3b8-de2972fdbccd,https://docs.weweb.io/elements/responsive-sidebar.html,WeWeb Documentation,2025-04-02T09:03:19.454337,2025-04-02T09:05:00.716568,https://docs.weweb.io/elements/responsive-sidebar.html
094c5a84-da1a-5994-8449-f922161cdae4,https://docs.weweb.io/elements/rich-text.html,Rich text | WeWeb Documentation,2025-04-02T09:03:19.454337,2025-04-02T09:05:01.818961,https://docs.weweb.io/elements/rich-text.html
49e4a13a-ca34-56c6-b67e-952060aff0f2,https://docs.weweb.io/elements/search.html,Search | WeWeb Documentation,2025-04-02T09:03:19.454337,2025-04-02T09:05:02.924948,https://docs.weweb.io/elements/search.html
ace9fbb8-a7ee-5068-9de4-38444e400025,https://docs.weweb.io/elements/sections.html,Sections | WeWeb Documentation,2025-04-02T09:03:19.454337,2025-04-02T09:05:04.028001,https://docs.weweb.io/elements/sections.html
b09b3f07-c8d2-56b3-ac77-5fde982e25f5,https://docs.weweb.io/elements/select.html,Select & Multi-select | WeWeb Documentation,2025-04-02T09:03:19.454337,2025-04-02T09:05:05.126874,https://docs.weweb.io/elements/select.html
90016c97-8f90-5150-b82e-f565eefc4eab,https://docs.weweb.io/elements/sidemenu.html,Side Menu | WeWeb Documentation,2025-04-02T09:03:19.454337,2025-04-02T09:05:06.225688,https://docs.weweb.io/elements/sidemenu.html
21998a8a-0c80-52d0-82a1-a48c98a01f39,https://docs.weweb.io/elements/skeleton-loader.html,Skeleton Loader Component | WeWeb Documentation,2025-04-02T09:03:19.454337,2025-04-02T09:05:07.326108,https://docs.weweb.io/elements/skeleton-loader.html
ba1e8c30-6d3b-5162-844a-93ba3367ffc6,https://docs.weweb.io/elements/table.html,Table | WeWeb Documentation,2025-04-02T09:03:19.454337,2025-04-02T09:05:08.428771,https://docs.weweb.io/elements/table.html
7c33da95-f6eb-548c-8f2e-94d31929e7fb,https://docs.weweb.io/elements/text.html,Text | WeWeb Documentation,2025-04-02T09:03:19.454337,2025-04-02T09:05:09.536851,https://docs.weweb.io/elements/text.html
ec985aa1-faff-547b-9828-a2b2624ab3f1,https://docs.weweb.io/elements/toggle.html,Toggle | WeWeb Documentation,2025-04-02T09:03:19.454337,2025-04-02T09:05:10.637220,https://docs.weweb.io/elements/toggle.html
ba3a74c6-7401-5ce4-a861-f0db065d5fd8,https://docs.weweb.io/elements/top-nav.html,Top Nav Bar | WeWeb Documentation,2025-04-02T09:03:19.454337,2025-04-02T09:05:11.731996,https://docs.weweb.io/elements/top-nav.html
bd57c00c-111e-5ff8-a26d-e8645ae861cf,https://docs.weweb.io/elements/video.html,Video | WeWeb Documentation,2025-04-02T09:03:19.454337,2025-04-02T09:05:12.834970,https://docs.weweb.io/elements/video.html
2d932bc4-ec25-5f8f-aa60-21f550c4c21f,https://docs.weweb.io/formulas/array.html,Array Formulas | WeWeb Documentation,2025-04-02T09:03:19.454337,2025-04-02T09:05:14.021253,https://docs.weweb.io/formulas/array.html
b2460440-9b82-53b9-b801-e2daa2c9ebc1,https://docs.weweb.io/formulas/conditional.html,Conditional Formulas | WeWeb Documentation,2025-04-02T09:03:19.454337,2025-04-02T09:05:15.168503,https://docs.weweb.io/formulas/conditional.html
67ab46df-a52a-5970-9ecc-72f121a182de,https://docs.weweb.io/formulas/date.html,Date formulas | WeWeb Documentation,2025-04-02T09:03:19.454337,2025-04-02T09:05:16.310741,https://docs.weweb.io/formulas/date.html
b1ff09c7-bf2d-5738-b9bd-ba4672d602d5,https://docs.weweb.io/formulas/intro-to-formulas.html,Intro to formulas | WeWeb Documentation,2025-04-02T09:03:19.454337,2025-04-02T09:05:17.450103,https://docs.weweb.io/formulas/intro-to-formulas.html
ada511f2-4a48-570f-8996-b47e0263b85a,https://docs.weweb.io/formulas/math.html,Math Formulas | WeWeb Documentation,2025-04-02T09:03:19.454337,2025-04-02T09:05:18.595887,https://docs.weweb.io/formulas/math.html
163a6569-e9b8-5f0c-9030-ac2d0a26abec,https://docs.weweb.io/formulas/object.html,Objects Formulas | WeWeb Documentation,2025-04-02T09:03:19.454337,2025-04-02T09:05:19.743526,https://docs.weweb.io/formulas/object.html
0ad4d61c-03f4-5cfc-9bc4-95c8df79bbc7,https://docs.weweb.io/formulas/operators.html,Operators | WeWeb Documentation,2025-04-02T09:03:19.454337,2025-04-02T09:05:20.868445,https://docs.weweb.io/formulas/operators.html
d0e620a0-8fcf-5da8-9035-84b61b7b55d9,https://docs.weweb.io/formulas/text.html,Text Formulas | WeWeb Documentation,2025-04-02T09:03:19.454337,2025-04-02T09:05:22.049438,https://docs.weweb.io/formulas/text.html
e90f28b5-52db-501e-93c9-03aec00b11bf,https://docs.weweb.io/formulas/utils.html,Utils Formulas | WeWeb Documentation,2025-04-02T09:03:19.454337,2025-04-02T09:05:23.183228,https://docs.weweb.io/formulas/utils.html
578acccf-764f-524b-8791-b70fd4e5232a,https://docs.weweb.io/libraries/dependencies.html,Library dependencies | WeWeb Documentation,2025-04-02T09:03:19.454337,2025-04-02T09:05:24.319792,https://docs.weweb.io/libraries/dependencies.html
10b2acdb-99d9-5d48-ae63-6bc049ce48fd,https://docs.weweb.io/libraries/figma-styles-import.html,Import Figma styles | WeWeb Documentation,2025-04-02T09:03:19.454337,2025-04-02T09:05:25.458716,https://docs.weweb.io/libraries/figma-styles-import.html
a033e23b-b9fb-5670-aae7-5d136ae35a94,https://docs.weweb.io/libraries/intro-to-libraries.html,Intro to libraries | WeWeb Documentation,2025-04-02T09:03:19.454337,2025-04-02T09:05:26.598400,https://docs.weweb.io/libraries/intro-to-libraries.html
a88e47a5-06dc-5c49-be01-1d05768a8766,https://docs.weweb.io/libraries/intro-to-the-marketplace.html,Intro to the marketplace | WeWeb Documentation,2025-04-02T09:03:19.454337,2025-04-02T09:05:27.725853,https://docs.weweb.io/libraries/intro-to-the-marketplace.html
5ea085e9-5c63-5e0a-bdf7-229b49532663,https://docs.weweb.io/libraries/share-libraries.html,Share libraries | WeWeb Documentation,2025-04-02T09:03:19.454337,2025-04-02T09:05:28.863868,https://docs.weweb.io/libraries/share-libraries.html
f974b49e-b92c-59ee-a2e1-0f8c361ebee5,https://docs.weweb.io/libraries/starter-kit.html,Starter Kit library | WeWeb Documentation,2025-04-02T09:03:19.454337,2025-04-02T09:05:29.992720,https://docs.weweb.io/libraries/starter-kit.html
e8d80c74-89e9-598a-9627-a06c0e252811,https://docs.weweb.io/pages/404-page.html,Create 404 page | WeWeb Documentation,2025-04-02T09:03:19.454337,2025-04-02T09:05:31.122387,https://docs.weweb.io/pages/404-page.html
2f3eed8f-e69e-5649-a42a-2dba99123575,https://docs.weweb.io/pages/dynamic-collection-page.html,Dynamic collection pages | WeWeb Documentation,2025-04-02T09:03:19.454337,2025-04-02T09:05:32.268677,https://docs.weweb.io/pages/dynamic-collection-page.html
c8f1794a-5852-5cb9-875a-8d9eabc6b6d3,https://docs.weweb.io/pages/dynamic-page-metadata.html,Dynamic page metadata | WeWeb Documentation,2025-04-02T09:03:19.454337,2025-04-02T09:05:33.410245,https://docs.weweb.io/pages/dynamic-page-metadata.html
3f78b13c-c5af-5fae-9f6f-6f125ef8dc4a,https://docs.weweb.io/pages/intro-to-pages.html,Intro to pages | WeWeb Documentation,2025-04-02T09:03:19.454337,2025-04-02T09:05:34.555063,https://docs.weweb.io/pages/intro-to-pages.html
88c4e5ca-61b3-516f-88e6-83246f740a4a,https://docs.weweb.io/pages/multi-page-sections.html,Multi-page sections | WeWeb Documentation,2025-04-02T09:03:19.454337,2025-04-02T09:05:35.690561,https://docs.weweb.io/pages/multi-page-sections.html
1b960154-5122-5dfb-a784-0951f50d20b4,https://docs.weweb.io/pages/navigation.html,Navigation | WeWeb Documentation,2025-04-02T09:03:19.454337,2025-04-02T09:05:36.849715,https://docs.weweb.io/pages/navigation.html
129aa909-cfa7-5c76-b732-d532816c37bd,https://docs.weweb.io/pages/page-metadata.html,Page metadata | WeWeb Documentation,2025-04-02T09:03:19.454337,2025-04-02T09:05:37.992385,https://docs.weweb.io/pages/page-metadata.html
a97e3e20-83d2-5238-9e19-87ce573cfb06,https://docs.weweb.io/pages/private-pages.html,Private pages | WeWeb Documentation,2025-04-02T09:03:19.454337,2025-04-02T09:05:39.124135,https://docs.weweb.io/pages/private-pages.html
06efc85c-8e1b-5ba0-821a-0a4a6c2627dc,https://docs.weweb.io/pages/sitemap.html,Sitemap | WeWeb Documentation,2025-04-02T09:03:19.454337,2025-04-02T09:05:40.267698,https://docs.weweb.io/pages/sitemap.html
8686d171-9e1e-54cc-b674-c304f727237e,https://docs.weweb.io/pages/static-collection-page.html,Static collection pages | WeWeb Documentation,2025-04-02T09:03:19.454337,2025-04-02T09:05:41.403886,https://docs.weweb.io/pages/static-collection-page.html
0ffb90a4-93bd-5c7a-bd3e-52a478fd1729,https://docs.weweb.io/plugins/auth-systems/auth0.html,Auth0 | WeWeb Documentation,2025-04-02T09:03:19.454337,2025-04-02T09:05:42.551626,https://docs.weweb.io/plugins/auth-systems/auth0.html
ee316b5f-e19a-52d2-816c-c64e76a8ec6b,https://docs.weweb.io/plugins/auth-systems/open-id.html,OpenID | WeWeb Documentation,2025-04-02T09:03:19.454337,2025-04-02T09:05:43.700088,https://docs.weweb.io/plugins/auth-systems/open-id.html
83cc9845-b547-5ac1-a7cd-67d6c41d458f,https://docs.weweb.io/plugins/auth-systems/supabase-auth.html,Supabase authentication | WeWeb Documentation,2025-04-02T09:03:19.454337,2025-04-02T09:05:44.858150,https://docs.weweb.io/plugins/auth-systems/supabase-auth.html
84a460ad-10a6-5050-b899-993c9685c263,https://docs.weweb.io/plugins/auth-systems/token-based-auth.html,Token-based authentication | WeWeb Documentation,2025-04-02T09:03:19.454337,2025-04-02T09:05:45.988145,https://docs.weweb.io/plugins/auth-systems/token-based-auth.html
3a3dec5a-fef6-582a-8885-b3e734452c34,https://docs.weweb.io/plugins/auth-systems/weweb-auth.html,WeWeb authentication | WeWeb Documentation,2025-04-02T09:03:19.454337,2025-04-02T09:05:47.214858,https://docs.weweb.io/plugins/auth-systems/weweb-auth.html
4069f944-2302-5d00-95c4-dfa7f4149a3a,https://docs.weweb.io/plugins/auth-systems/xano-auth.html,Xano authentication | WeWeb Documentation,2025-04-02T09:03:19.454337,2025-04-02T09:05:48.385272,https://docs.weweb.io/plugins/auth-systems/xano-auth.html
f7a2ac90-2165-586c-879b-51aac9e7475b,https://docs.weweb.io/plugins/data-sources/airtable-data.html,Airtable data source | WeWeb Documentation,2025-04-02T09:03:19.454337,2025-04-02T09:05:49.540282,https://docs.weweb.io/plugins/data-sources/airtable-data.html
421725fb-e76e-51ed-b115-01ce1e7b891f,https://docs.weweb.io/plugins/data-sources/algolia.html,Algolia data source | WeWeb Documentation,2025-04-02T09:03:19.454337,2025-04-02T09:05:50.950964,https://docs.weweb.io/plugins/data-sources/algolia.html
5e8b0c82-1fc5-5502-826a-53bda35881b5,https://docs.weweb.io/plugins/data-sources/rest-api.html,REST API data source | WeWeb Documentation,2025-04-02T09:03:19.454337,2025-04-02T09:05:52.084871,https://docs.weweb.io/plugins/data-sources/rest-api.html
4d358d61-dac5-52ae-8faf-ce0afcbab165,https://docs.weweb.io/plugins/data-sources/smartsuite.html,SmartSuite | WeWeb Documentation,2025-04-02T09:03:19.454337,2025-04-02T09:05:53.222151,https://docs.weweb.io/plugins/data-sources/smartsuite.html
fc13d88f-a335-56df-b706-0f9599c57d27,https://docs.weweb.io/plugins/data-sources/sql.html,SQL data source | WeWeb Documentation,2025-04-02T09:03:19.454337,2025-04-02T09:05:54.363431,https://docs.weweb.io/plugins/data-sources/sql.html
a91e9b47-70e0-5525-a4ee-37700b416427,https://docs.weweb.io/plugins/data-sources/supabase-data.html,Supabase data source | WeWeb Documentation,2025-04-02T09:03:19.454337,2025-04-02T09:05:55.501328,https://docs.weweb.io/plugins/data-sources/supabase-data.html
79b6aab4-33f5-546d-9f7d-95c00e86240c,https://docs.weweb.io/plugins/data-sources/xano-data.html,Xano data source | WeWeb Documentation,2025-04-02T09:03:19.454337,2025-04-02T09:05:56.648498,https://docs.weweb.io/plugins/data-sources/xano-data.html
dd296f2e-7cc6-579b-af2c-262b7d5a041b,https://docs.weweb.io/plugins/extensions/calendly.html,Calendly | WeWeb Documentation,2025-04-02T09:03:19.454337,2025-04-02T09:05:57.811242,https://docs.weweb.io/plugins/extensions/calendly.html
75dd9162-5ffb-54c5-96d2-b4426a6e1179,https://docs.weweb.io/plugins/extensions/charts.html,Charts | WeWeb Documentation,2025-04-02T09:03:19.454337,2025-04-02T09:05:58.959329,https://docs.weweb.io/plugins/extensions/charts.html
741e2b31-fc87-5907-a525-9b17003e9843,https://docs.weweb.io/plugins/extensions/google-maps.html,Google Maps | WeWeb Documentation,2025-04-02T09:03:19.454337,2025-04-02T09:06:00.106256,https://docs.weweb.io/plugins/extensions/google-maps.html
d161b695-81fc-530b-a7d8-804b4e11aec3,https://docs.weweb.io/plugins/extensions/gtm.html,Google Tag Manager | WeWeb Documentation,2025-04-02T09:03:19.454337,2025-04-02T09:06:01.369644,https://docs.weweb.io/plugins/extensions/gtm.html
28fa5d5d-8dbd-5624-b370-c644c1a4c0b6,https://docs.weweb.io/plugins/extensions/mapbox.html,Mapbox | WeWeb Documentation,2025-04-02T09:03:19.454337,2025-04-02T09:06:02.503817,https://docs.weweb.io/plugins/extensions/mapbox.html
9cf729e8-fd13-508b-aefd-3702b47426f6,https://docs.weweb.io/plugins/extensions/npm.html,NPM | WeWeb Documentation,2025-04-02T09:03:19.454337,2025-04-02T09:06:03.653004,https://docs.weweb.io/plugins/extensions/npm.html
f487dd34-9e55-5ee4-964b-a7fb361e5906,https://docs.weweb.io/plugins/extensions/open-ai.html,OpenAI | WeWeb Documentation,2025-04-02T09:03:19.454337,2025-04-02T09:06:04.803950,https://docs.weweb.io/plugins/extensions/open-ai.html
4a23b24a-9ba2-5728-b618-3810e4c72755,https://docs.weweb.io/plugins/extensions/pwa.html,PWA | WeWeb Documentation,2025-04-02T09:03:19.454337,2025-04-02T09:06:05.952415,https://docs.weweb.io/plugins/extensions/pwa.html
75c85a68-82f3-5657-8edb-93e4783a3d74,https://docs.weweb.io/plugins/extensions/segment.html,Segment | WeWeb Documentation,2025-04-02T09:03:19.454337,2025-04-02T09:06:07.089875,https://docs.weweb.io/plugins/extensions/segment.html
096c315a-6f8f-5d23-8d84-14c82478d006,https://docs.weweb.io/plugins/extensions/sound.html,Sound | WeWeb Documentation,2025-04-02T09:03:19.454337,2025-04-02T09:06:08.225397,https://docs.weweb.io/plugins/extensions/sound.html
2530f4ac-a0a0-55a1-9002-8a8f2a59003e,https://docs.weweb.io/plugins/extensions/stripe.html,Stripe | WeWeb Documentation,2025-04-02T09:03:19.454337,2025-04-02T09:06:09.379984,https://docs.weweb.io/plugins/extensions/stripe.html
d73eb3f9-c914-5071-87c2-2fe4d14b57f9,https://docs.weweb.io/plugins/extensions/weweb-email.html,WeWeb Email | WeWeb Documentation,2025-04-02T09:03:19.454337,2025-04-02T09:06:10.522560,https://docs.weweb.io/plugins/extensions/weweb-email.html
5c83fc66-4fa3-5227-9fa2-67cc68abbf85,https://docs.weweb.io/plugins/intro-to-plugins.html,Intro to plugins | WeWeb Documentation,2025-04-02T09:03:19.454337,2025-04-02T09:06:11.674450,https://docs.weweb.io/plugins/intro-to-plugins.html
ef489887-6ff2-58ae-ba34-c8208d0b9ae4,https://docs.weweb.io/settings-billing-code-export/account-settings.html,Account Settings | WeWeb Documentation,2025-04-02T09:03:19.454337,2025-04-02T09:06:12.804805,https://docs.weweb.io/settings-billing-code-export/account-settings.html
31d86a29-89b7-527f-8863-cc4587195730,https://docs.weweb.io/settings-billing-code-export/cloudflare-self-hosting-guide.html,How to self-host on Cloudflare | WeWeb Documentation,2025-04-02T09:03:19.454337,2025-04-02T09:06:13.942254,https://docs.weweb.io/settings-billing-code-export/cloudflare-self-hosting-guide.html
d85d1979-cf5e-591a-ab25-005cea624189,https://docs.weweb.io/settings-billing-code-export/code-export-api.html,How to use WeWeb Public API | WeWeb Documentation,2025-04-02T09:03:19.454337,2025-04-02T09:06:15.091261,https://docs.weweb.io/settings-billing-code-export/code-export-api.html
38b4e4d6-7e1d-51c1-ab4d-8f9ff7619fde,https://docs.weweb.io/settings-billing-code-export/hosting-and-code-export.html,Hosting & Code Export | WeWeb Documentation,2025-04-02T09:03:19.454337,2025-04-02T09:06:16.223023,https://docs.weweb.io/settings-billing-code-export/hosting-and-code-export.html
b1aaa590-e045-5f29-abd2-ee6090bf2f97,https://docs.weweb.io/settings-billing-code-export/project-settings/backups.html,Backups | WeWeb Documentation,2025-04-02T09:03:19.454337,2025-04-02T09:06:17.350636,https://docs.weweb.io/settings-billing-code-export/project-settings/backups.html
2db46dd2-3cbd-5cfd-86f8-6f1a08e7c42c,https://docs.weweb.io/settings-billing-code-export/project-settings/custom-domain.html,Add a custom domain | WeWeb Documentation,2025-04-02T09:03:19.454337,2025-04-02T09:06:18.496493,https://docs.weweb.io/settings-billing-code-export/project-settings/custom-domain.html
fbb6c15b-8856-543d-a352-fcb76d6902f2,https://docs.weweb.io/settings-billing-code-export/project-settings/deployments.html,Deployments | WeWeb Documentation,2025-04-02T09:03:19.454337,2025-04-02T09:06:19.638894,https://docs.weweb.io/settings-billing-code-export/project-settings/deployments.html
90954fb1-43e9-5808-bc9d-b14e89f8bf52,https://docs.weweb.io/settings-billing-code-export/project-settings/project-settings.html,Project Settings | WeWeb Documentation,2025-04-02T09:03:19.454337,2025-04-02T09:06:20.773182,https://docs.weweb.io/settings-billing-code-export/project-settings/project-settings.html
9e384661-70a2-50c2-8a38-af249147fc1d,https://docs.weweb.io/settings-billing-code-export/referral-program/referral-faq.html,Referral FAQ | WeWeb Documentation,2025-04-02T09:03:19.454337,2025-04-02T09:06:21.903947,https://docs.weweb.io/settings-billing-code-export/referral-program/referral-faq.html
888daa06-6fca-5110-92dd-52c2ed4d5bd8,https://docs.weweb.io/settings-billing-code-export/referral-program/referral-legal-terms.html,Referral Legal Terms | WeWeb Documentation,2025-04-02T09:03:19.454337,2025-04-02T09:06:23.056802,https://docs.weweb.io/settings-billing-code-export/referral-program/referral-legal-terms.html
dc3617ac-44a1-5096-aec4-97b801508f42,https://docs.weweb.io/settings-billing-code-export/weweb-server-api-(deprecated).html,WeWeb Server and Server API (DEPRECATED) | WeWeb Documentation,2025-04-02T09:03:19.454337,2025-04-02T09:06:24.200057,https://docs.weweb.io/settings-billing-code-export/weweb-server-api-(deprecated).html
e8a681f7-3cb2-5900-88a8-c5bca5a3ca0d,https://docs.weweb.io/settings-billing-code-export/workspace-settings/components-tab.html,The Components Tab | WeWeb Documentation,2025-04-02T09:03:19.454337,2025-04-02T09:06:25.342895,https://docs.weweb.io/settings-billing-code-export/workspace-settings/components-tab.html
dc1e7292-3b00-5c4d-a51b-f6144dc69ef8,https://docs.weweb.io/settings-billing-code-export/workspace-settings/design-system-tab.html,The Design System Tab | WeWeb Documentation,2025-04-02T09:03:19.454337,2025-04-02T09:06:26.481899,https://docs.weweb.io/settings-billing-code-export/workspace-settings/design-system-tab.html
4cd9920a-d49a-5356-8df7-f4d6999d6586,https://docs.weweb.io/settings-billing-code-export/workspace-settings/members-tab.html,The Members Tabs | WeWeb Documentation,2025-04-02T09:03:19.454337,2025-04-02T09:06:27.623053,https://docs.weweb.io/settings-billing-code-export/workspace-settings/members-tab.html
972876c8-e747-5147-ab1f-49675df48960,https://docs.weweb.io/settings-billing-code-export/workspace-settings/projects-tab.html,The Projects Tab | WeWeb Documentation,2025-04-02T09:03:19.454337,2025-04-02T09:06:28.754030,https://docs.weweb.io/settings-billing-code-export/workspace-settings/projects-tab.html
cb2d049b-a903-5150-b673-98bd707db4a8,https://docs.weweb.io/start-here/frequently-asked-questions.html,Frequently Asked Questions | WeWeb Documentation,2025-04-02T09:03:19.454337,2025-04-02T09:06:29.907544,https://docs.weweb.io/start-here/frequently-asked-questions.html
27ee99cd-cce9-5399-aeee-c10b18131d4d,https://docs.weweb.io/start-here/welcome.html,Welcome | WeWeb Documentation,2025-04-02T09:03:19.454337,2025-04-02T09:06:31.038478,https://docs.weweb.io/start-here/welcome.html
6b8be027-94de-547e-b4ff-7b479c7e28b1,https://docs.weweb.io/websockets/supabase-realtime/broadcast-message.html,Broadcast (and receive) a message | WeWeb Documentation,2025-04-02T09:03:19.454337,2025-04-02T09:06:32.174937,https://docs.weweb.io/websockets/supabase-realtime/broadcast-message.html
44f650a4-0fc3-5df1-b1a2-5f32c8df67fd,https://docs.weweb.io/websockets/supabase-realtime/database-changes.html,React to database changes | WeWeb Documentation,2025-04-02T09:03:19.454337,2025-04-02T09:06:33.322018,https://docs.weweb.io/websockets/supabase-realtime/database-changes.html
75487408-7b4a-5dab-aea8-b6fe86823d64,https://docs.weweb.io/websockets/supabase-realtime/intro-to-supabase-realtime.html,Supabase realtime | WeWeb Documentation,2025-04-02T09:03:19.454337,2025-04-02T09:06:34.467636,https://docs.weweb.io/websockets/supabase-realtime/intro-to-supabase-realtime.html
00f6b019-155d-5163-924b-cf3890f226b8,https://docs.weweb.io/websockets/supabase-realtime/presence-state.html,Presence state | WeWeb Documentation,2025-04-02T09:03:19.454337,2025-04-02T09:06:35.604243,https://docs.weweb.io/websockets/supabase-realtime/presence-state.html
f2bf392c-5480-57db-b0a6-f6c844d2b37e,https://docs.weweb.io/websockets/supabase-realtime/subscribe-channel.html,Subscribe & Unsubscribe to Supabase channels | WeWeb Documentation,2025-04-02T09:03:19.454337,2025-04-02T09:06:36.745550,https://docs.weweb.io/websockets/supabase-realtime/subscribe-channel.html
8036e87b-f192-5fae-ae8a-63a53812f39d,https://docs.weweb.io/websockets/xano-realtime/history.html,Get channel history | WeWeb Documentation,2025-04-02T09:03:19.454337,2025-04-02T09:06:37.888512,https://docs.weweb.io/websockets/xano-realtime/history.html
6788c001-eaaa-5d47-81eb-176eb7d22299,https://docs.weweb.io/websockets/xano-realtime/intro-to-xano-realtime.html,Intro to Xano realtime | WeWeb Documentation,2025-04-02T09:03:19.454337,2025-04-02T09:06:39.029085,https://docs.weweb.io/websockets/xano-realtime/intro-to-xano-realtime.html
7563ae22-7833-5d5c-bf12-461300f1ae99,https://docs.weweb.io/websockets/xano-realtime/message.html,Send & receive messages | WeWeb Documentation,2025-04-02T09:03:19.454337,2025-04-02T09:06:40.168831,https://docs.weweb.io/websockets/xano-realtime/message.html
ae0912f8-c005-5443-91dc-fb2d72aab160,https://docs.weweb.io/websockets/xano-realtime/open-close-channel.html,Open and close Xano channels | WeWeb Documentation,2025-04-02T09:03:19.454337,2025-04-02T09:06:41.349242,https://docs.weweb.io/websockets/xano-realtime/open-close-channel.html
e2fcec73-d838-587c-b0a3-e37a7dbec663,https://docs.weweb.io/websockets/xano-realtime/presence.html,Presence information | WeWeb Documentation,2025-04-02T09:03:19.454337,2025-04-02T09:06:42.483108,https://docs.weweb.io/websockets/xano-realtime/presence.html
198848ee-5b15-5e9d-a92b-3f6aec8d7471,https://docs.weweb.io/weweb-ai/generating-custom-coded-components.html,Generating Custom Coded Components | WeWeb Documentation,2025-04-02T09:03:19.454337,2025-04-02T09:06:43.629320,https://docs.weweb.io/weweb-ai/generating-custom-coded-components.html
968818de-aa9c-50f6-b16f-4ef3019c3fd1,https://docs.weweb.io/weweb-ai/intro-to-weweb-ai.html,WeWeb AI - Build web apps with AI | WeWeb Documentation,2025-04-02T09:03:19.454337,2025-04-02T09:06:44.768145,https://docs.weweb.io/weweb-ai/intro-to-weweb-ai.html
2b2e0d22-a054-5f53-860f-a5d4920eddd5,https://docs.weweb.io/weweb-ai/passing-context-to-ai.html,Passing Context to AI | WeWeb Documentation,2025-04-02T09:03:19.454337,2025-04-02T09:06:45.914433,https://docs.weweb.io/weweb-ai/passing-context-to-ai.html
57dfdf26-2910-5c02-862c-c09d6f6a8472,https://docs.weweb.io/workflows/actions/change-language.html,Change language | WeWeb Documentation,2025-04-02T09:03:19.454337,2025-04-02T09:06:47.048226,https://docs.weweb.io/workflows/actions/change-language.html
0c9a50bf-c08f-5101-8faf-705d0d42f235,https://docs.weweb.io/workflows/actions/change-theme.html,Change theme | WeWeb Documentation,2025-04-02T09:03:19.454337,2025-04-02T09:06:48.179506,https://docs.weweb.io/workflows/actions/change-theme.html
5bebc130-cc7e-5226-b164-f0240a24e304,https://docs.weweb.io/workflows/actions/change-variable-value.html,Change variable value | WeWeb Documentation,2025-04-02T09:03:19.454337,2025-04-02T09:06:49.315973,https://docs.weweb.io/workflows/actions/change-variable-value.html
93baf5bb-e749-568a-b6f5-97ffe3903bc5,https://docs.weweb.io/workflows/actions/copy-to-clipboard.html,Copy to clipboard | WeWeb Documentation,2025-04-02T09:03:19.454337,2025-04-02T09:06:50.453981,https://docs.weweb.io/workflows/actions/copy-to-clipboard.html
96dd6186-d76b-52a5-9d76-1264225a2e53,https://docs.weweb.io/workflows/actions/create-url-from-base64.html,Create URL from Base64 | WeWeb Documentation,2025-04-02T09:03:19.454337,2025-04-02T09:06:51.586235,https://docs.weweb.io/workflows/actions/create-url-from-base64.html
08167bc6-34e1-5ba0-b2e9-faf4c34ea3be,https://docs.weweb.io/workflows/actions/custom-javascript.html,Custom JavaScript | WeWeb Documentation,2025-04-02T09:03:19.454337,2025-04-02T09:06:52.719414,https://docs.weweb.io/workflows/actions/custom-javascript.html
fde3823e-3752-53a6-85dc-26a1d2d5111d,https://docs.weweb.io/workflows/actions/download-csv.html,Download CSV | WeWeb Documentation,2025-04-02T09:03:19.454337,2025-04-02T09:06:53.849841,https://docs.weweb.io/workflows/actions/download-csv.html
449e7644-f888-514e-80af-2d957315ad96,https://docs.weweb.io/workflows/actions/download-file-from-url.html,Download file from URL | WeWeb Documentation,2025-04-02T09:03:19.454337,2025-04-02T09:06:54.977604,https://docs.weweb.io/workflows/actions/download-file-from-url.html
4c99d3a1-69d2-5790-91da-5d7a5682e797,https://docs.weweb.io/workflows/actions/encode-file-as-base64.html,Encode file as Base64 | WeWeb Documentation,2025-04-02T09:03:19.454337,2025-04-02T09:06:56.118433,https://docs.weweb.io/workflows/actions/encode-file-as-base64.html
c8052446-4c80-51fb-b47a-5f114a4b6e7e,https://docs.weweb.io/workflows/actions/execute-component-action.html,Execute component action | WeWeb Documentation,2025-04-02T09:03:19.454337,2025-04-02T09:06:57.262260,https://docs.weweb.io/workflows/actions/execute-component-action.html
b61fd2f8-2521-5a4a-af22-5cd2f8895cc2,https://docs.weweb.io/workflows/actions/execute-workflow.html,Execute workflow | WeWeb Documentation,2025-04-02T09:03:19.454337,2025-04-02T09:06:58.399307,https://docs.weweb.io/workflows/actions/execute-workflow.html
bb8934ac-1449-5460-b3c1-50633b862332,https://docs.weweb.io/workflows/actions/fetch-collection.html,Fetch collection | WeWeb Documentation,2025-04-02T09:03:19.454337,2025-04-02T09:06:59.523338,https://docs.weweb.io/workflows/actions/fetch-collection.html
8d00a89e-3a6c-5d68-aea2-bf31520aa2b0,https://docs.weweb.io/workflows/actions/fetch-collections-in-parallel.html,Fetch collections in parallel | WeWeb Documentation,2025-04-02T09:03:19.454337,2025-04-02T09:07:00.662596,https://docs.weweb.io/workflows/actions/fetch-collections-in-parallel.html
85e243f5-051b-5d47-a396-2a9a8db7377a,https://docs.weweb.io/workflows/actions/log.html,Log | WeWeb Documentation,2025-04-02T09:03:19.454337,2025-04-02T09:07:01.793196,https://docs.weweb.io/workflows/actions/log.html
054e1eea-30fa-5b50-900a-f0f23b1776c8,https://docs.weweb.io/workflows/actions/print-pdf.html,Print PDF | WeWeb Documentation,2025-04-02T09:03:19.454337,2025-04-02T09:07:02.926080,https://docs.weweb.io/workflows/actions/print-pdf.html
96d09a87-8c41-5e77-8c6a-4261290be74c,https://docs.weweb.io/workflows/actions/reset-variable-value.html,Reset variable value | WeWeb Documentation,2025-04-02T09:03:19.454337,2025-04-02T09:07:04.061574,https://docs.weweb.io/workflows/actions/reset-variable-value.html
f845ff6d-6b1f-5e8a-ae58-6eb0779d7270,https://docs.weweb.io/workflows/actions/return-a-value.html,Return a value | WeWeb Documentation,2025-04-02T09:03:19.454337,2025-04-02T09:07:05.184600,https://docs.weweb.io/workflows/actions/return-a-value.html
6e1063e0-ebf3-53d9-9b21-3259f3ff9ec6,https://docs.weweb.io/workflows/actions/stop-click-propagation.html,Stop click propagation | WeWeb Documentation,2025-04-02T09:03:19.454337,2025-04-02T09:07:06.317850,https://docs.weweb.io/workflows/actions/stop-click-propagation.html
8a8e8c24-782d-54fb-96e0-a8065058e484,https://docs.weweb.io/workflows/actions/supabase/call-postgres-function.html,Call a Postgres function | WeWeb Documentation,2025-04-02T09:03:19.454337,2025-04-02T09:07:07.479949,https://docs.weweb.io/workflows/actions/supabase/call-postgres-function.html
02e4d967-751e-5c6b-8f40-10081b2053dd,https://docs.weweb.io/workflows/actions/supabase/database-insert.html,Database | Insert | WeWeb Documentation,2025-04-02T09:03:19.454337,2025-04-02T09:07:08.614111,https://docs.weweb.io/workflows/actions/supabase/database-insert.html
19012042-0ec4-5b89-9f91-a796fd2b7b22,https://docs.weweb.io/workflows/actions/supabase/database-select.html,Database | Select | WeWeb Documentation,2025-04-02T09:03:19.454337,2025-04-02T09:07:09.760661,https://docs.weweb.io/workflows/actions/supabase/database-select.html
1f921243-d10d-596b-9ce6-9178e6629240,https://docs.weweb.io/workflows/actions/supabase/database-update.html,Database | Update | WeWeb Documentation,2025-04-02T09:03:19.454337,2025-04-02T09:07:10.893441,https://docs.weweb.io/workflows/actions/supabase/database-update.html
fc7c8f32-0904-5acb-ab28-0238f0e6d939,https://docs.weweb.io/workflows/actions/supabase/invoke-edge-function.html,Edge Functions | WeWeb Documentation,2025-04-02T09:03:19.454337,2025-04-02T09:07:12.043171,https://docs.weweb.io/workflows/actions/supabase/invoke-edge-function.html
d04c756a-9b14-5a4c-8171-0125fef40007,https://docs.weweb.io/workflows/actions/supabase/storage-upload-file.html,Storage | Upload a file | WeWeb Documentation,2025-04-02T09:03:19.454337,2025-04-02T09:07:13.191413,https://docs.weweb.io/workflows/actions/supabase/storage-upload-file.html
9d99ce56-9855-50d0-bb56-e4bf8c3599df,https://docs.weweb.io/workflows/actions/time-delay.html,Time delay | WeWeb Documentation,2025-04-02T09:03:19.454337,2025-04-02T09:07:14.334348,https://docs.weweb.io/workflows/actions/time-delay.html
f5f77be5-48a3-5b16-b0b6-8f572bfb8ae2,https://docs.weweb.io/workflows/actions/update-collection.html,Update collection | WeWeb Documentation,2025-04-02T09:03:19.454337,2025-04-02T09:07:15.487759,https://docs.weweb.io/workflows/actions/update-collection.html
b454acd6-2321-5597-9b06-1ed3802ea3ae,https://docs.weweb.io/workflows/actions/upload-file.html,Upload file (via WeWeb's CDN) | WeWeb Documentation,2025-04-02T09:03:19.454337,2025-04-02T09:07:16.620038,https://docs.weweb.io/workflows/actions/upload-file.html
1e412f2d-d971-5b82-af7f-927f9700dbce,https://docs.weweb.io/workflows/actions/xano-request.html,Xano request | WeWeb Documentation,2025-04-02T09:03:19.454337,2025-04-02T09:07:17.761005,https://docs.weweb.io/workflows/actions/xano-request.html
c3b10561-a9e3-51be-9b48-64f81b77f3e7,https://docs.weweb.io/workflows/branching.html,Branching in workflows | WeWeb Documentation,2025-04-02T09:03:19.454337,2025-04-02T09:07:18.909601,https://docs.weweb.io/workflows/branching.html
63f7ade1-d2c1-53c5-b172-d46f9c0375a2,https://docs.weweb.io/workflows/debugging.html,Debugging workflows | WeWeb Documentation,2025-04-02T09:03:19.454337,2025-04-02T09:07:20.060171,https://docs.weweb.io/workflows/debugging.html
dac363e8-5745-5760-b1be-9f47c714e505,https://docs.weweb.io/workflows/intro-to-workflows.html,Intro to workflows | WeWeb Documentation,2025-04-02T09:03:19.454337,2025-04-02T09:07:21.287612,https://docs.weweb.io/workflows/intro-to-workflows.html
84887dad-76f2-5264-8fcc-dee896f55c81,https://docs.weweb.io/workflows/loops.html,Loops | WeWeb Documentation,2025-04-02T09:03:19.454337,2025-04-02T09:07:22.497591,https://docs.weweb.io/workflows/loops.html
56cf1a91-cf5f-518e-b79f-3d54f1a4bab1,https://docs.weweb.io/workflows/triggers.html,Triggers | WeWeb Documentation,2025-04-02T09:03:19.454337,2025-04-02T09:07:23.638420,https://docs.weweb.io/workflows/triggers.html
